created_at,id,full_text,entities,in_reply_to_status_id,in_reply_to_user_id,in_reply_to_screen_name,user,is_quote_status,retweet_count,favorite_count,favorited,retweeted,lang
Fri Sep 18 23:24:43 +0000 2020,1307098256153944071,"I call it Posh love @Poshmarkapp 
https://t.co/mhKM7Ntr6w","{'hashtags': [], 'symbols': [], 'user_mentions': [{'screen_name': 'Poshmarkapp', 'name': 'Poshmark', 'id': 357211620, 'id_str': '357211620', 'indices': [20, 32]}], 'urls': [{'url': 'https://t.co/mhKM7Ntr6w', 'expanded_url': 'https://jezebel.com/no-one-cares-about-me-quite-like-poshmarks-notification-1844944259', 'display_url': 'jezebel.com/no-one-cares-a‚Ä¶', 'indices': [34, 57]}]}",,,,"{'id': 26589987, 'id_str': '26589987', 'name': 'Serena Williams', 'screen_name': 'serenawilliams', 'location': 'Somewhere over the Rainbow', 'description': 'Living, Loving, and working to help you.', 'url': 'https://t.co/eQB8u4IvlO', 'entities': {'url': {'urls': [{'url': 'https://t.co/eQB8u4IvlO', 'expanded_url': 'http://www.serenawilliams.com', 'display_url': 'serenawilliams.com', 'indices': [0, 23]}]}, 'description': {'urls': []}}, 'protected': False, 'followers_count': 10816925, 'friends_count': 357, 'listed_count': 22008, 'created_at': 'Wed Mar 25 21:00:33 +0000 2009', 'favourites_count': 586, 'utc_offset': None, 'time_zone': None, 'geo_enabled': True, 'verified': True, 'statuses_count': 14538, 'lang': None, 'contributors_enabled': False, 'is_translator': False, 'is_translation_enabled': False, 'profile_background_color': '642D8B', 'profile_background_image_url': 'http://abs.twimg.com/images/themes/theme10/bg.gif', 'profile_background_image_url_https': 'https://abs.twimg.com/images/themes/theme10/bg.gif', 'profile_background_tile': True, 'profile_image_url': 'http://pbs.twimg.com/profile_images/831238969576677376/B90v9FF6_normal.jpg', 'profile_image_url_https': 'https://pbs.twimg.com/profile_images/831238969576677376/B90v9FF6_normal.jpg', 'profile_banner_url': 'https://pbs.twimg.com/profile_banners/26589987/1529593679', 'profile_link_color': 'FF0000', 'profile_sidebar_border_color': '65B0DA', 'profile_sidebar_fill_color': '7AC3EE', 'profile_text_color': '3D1957', 'profile_use_background_image': True, 'has_extended_profile': False, 'default_profile': False, 'default_profile_image': False, 'following': True, 'follow_request_sent': False, 'notifications': False, 'translator_type': 'none'}",False,35,363,False,False,en
Thu Sep 17 19:24:08 +0000 2020,1306675323979915268,A few weeks back I was so excited to open up and see my new Wilson Blade SW102 Racquet. I hope you‚Äôll be just as excited as I was to hold it in your hands.   @WilsonTennis https://t.co/ultn5uuy3C https://t.co/f9yjZHJl0f,"{'hashtags': [], 'symbols': [], 'user_mentions': [{'screen_name': 'WilsonTennis', 'name': 'Wilson Tennis', 'id': 19782758, 'id_str': '19782758', 'indices': [158, 171]}], 'urls': [{'url': 'https://t.co/ultn5uuy3C', 'expanded_url': 'https://www.wilson.com/en-us/tennis/rackets/blade-sw102-autograph-tennis-racket', 'display_url': 'wilson.com/en-us/tennis/r‚Ä¶', 'indices': [172, 195]}], 'media': [{'id': 1306675200512217090, 'id_str': '1306675200512217090', 'indices': [196, 219], 'media_url': 'http://pbs.twimg.com/ext_tw_video_thumb/1306675200512217090/pu/img/ae7H4ziiY69dTlnE.jpg', 'media_url_https': 'https://pbs.twimg.com/ext_tw_video_thumb/1306675200512217090/pu/img/ae7H4ziiY69dTlnE.jpg', 'url': 'https://t.co/f9yjZHJl0f', 'display_url': 'pic.twitter.com/f9yjZHJl0f', 'expanded_url': 'https://twitter.com/serenawilliams/status/1306675323979915268/video/1', 'type': 'photo', 'sizes': {'thumb': {'w': 150, 'h': 150, 'resize': 'crop'}, 'large': {'w': 480, 'h': 848, 'resize': 'fit'}, 'small': {'w': 385, 'h': 680, 'resize': 'fit'}, 'medium': {'w': 480, 'h': 848, 'resize': 'fit'}}}]}",,,,"{'id': 26589987, 'id_str': '26589987', 'name': 'Serena Williams', 'screen_name': 'serenawilliams', 'location': 'Somewhere over the Rainbow', 'description': 'Living, Loving, and working to help you.', 'url': 'https://t.co/eQB8u4IvlO', 'entities': {'url': {'urls': [{'url': 'https://t.co/eQB8u4IvlO', 'expanded_url': 'http://www.serenawilliams.com', 'display_url': 'serenawilliams.com', 'indices': [0, 23]}]}, 'description': {'urls': []}}, 'protected': False, 'followers_count': 10816925, 'friends_count': 357, 'listed_count': 22008, 'created_at': 'Wed Mar 25 21:00:33 +0000 2009', 'favourites_count': 586, 'utc_offset': None, 'time_zone': None, 'geo_enabled': True, 'verified': True, 'statuses_count': 14538, 'lang': None, 'contributors_enabled': False, 'is_translator': False, 'is_translation_enabled': False, 'profile_background_color': '642D8B', 'profile_background_image_url': 'http://abs.twimg.com/images/themes/theme10/bg.gif', 'profile_background_image_url_https': 'https://abs.twimg.com/images/themes/theme10/bg.gif', 'profile_background_tile': True, 'profile_image_url': 'http://pbs.twimg.com/profile_images/831238969576677376/B90v9FF6_normal.jpg', 'profile_image_url_https': 'https://pbs.twimg.com/profile_images/831238969576677376/B90v9FF6_normal.jpg', 'profile_banner_url': 'https://pbs.twimg.com/profile_banners/26589987/1529593679', 'profile_link_color': 'FF0000', 'profile_sidebar_border_color': '65B0DA', 'profile_sidebar_fill_color': '7AC3EE', 'profile_text_color': '3D1957', 'profile_use_background_image': True, 'has_extended_profile': False, 'default_profile': False, 'default_profile_image': False, 'following': True, 'follow_request_sent': False, 'notifications': False, 'translator_type': 'none'}",False,475,5190,False,False,en
Thu Sep 17 13:23:23 +0000 2020,1306584535426105344,"RT @BillieJeanKing: Be Bold!

#BillieJeanKingCup","{'hashtags': [{'text': 'BillieJeanKingCup', 'indices': [30, 48]}], 'symbols': [], 'user_mentions': [{'screen_name': 'BillieJeanKing', 'name': 'Billie Jean King', 'id': 35391464, 'id_str': '35391464', 'indices': [3, 18]}], 'urls': []}",,,,"{'id': 26589987, 'id_str': '26589987', 'name': 'Serena Williams', 'screen_name': 'serenawilliams', 'location': 'Somewhere over the Rainbow', 'description': 'Living, Loving, and working to help you.', 'url': 'https://t.co/eQB8u4IvlO', 'entities': {'url': {'urls': [{'url': 'https://t.co/eQB8u4IvlO', 'expanded_url': 'http://www.serenawilliams.com', 'display_url': 'serenawilliams.com', 'indices': [0, 23]}]}, 'description': {'urls': []}}, 'protected': False, 'followers_count': 10816925, 'friends_count': 357, 'listed_count': 22008, 'created_at': 'Wed Mar 25 21:00:33 +0000 2009', 'favourites_count': 586, 'utc_offset': None, 'time_zone': None, 'geo_enabled': True, 'verified': True, 'statuses_count': 14538, 'lang': None, 'contributors_enabled': False, 'is_translator': False, 'is_translation_enabled': False, 'profile_background_color': '642D8B', 'profile_background_image_url': 'http://abs.twimg.com/images/themes/theme10/bg.gif', 'profile_background_image_url_https': 'https://abs.twimg.com/images/themes/theme10/bg.gif', 'profile_background_tile': True, 'profile_image_url': 'http://pbs.twimg.com/profile_images/831238969576677376/B90v9FF6_normal.jpg', 'profile_image_url_https': 'https://pbs.twimg.com/profile_images/831238969576677376/B90v9FF6_normal.jpg', 'profile_banner_url': 'https://pbs.twimg.com/profile_banners/26589987/1529593679', 'profile_link_color': 'FF0000', 'profile_sidebar_border_color': '65B0DA', 'profile_sidebar_fill_color': '7AC3EE', 'profile_text_color': '3D1957', 'profile_use_background_image': True, 'has_extended_profile': False, 'default_profile': False, 'default_profile_image': False, 'following': True, 'follow_request_sent': False, 'notifications': False, 'translator_type': 'none'}",True,116,0,False,False,en
Thu Sep 17 13:22:42 +0000 2020,1306584363610656768,Congrats my dear friend ‚ù§Ô∏è‚ù§Ô∏è https://t.co/bEFN31UWSM,"{'hashtags': [], 'symbols': [], 'user_mentions': [], 'urls': [{'url': 'https://t.co/bEFN31UWSM', 'expanded_url': 'https://twitter.com/BillieJeanKing/status/1306566072938700803', 'display_url': 'twitter.com/BillieJeanKing‚Ä¶', 'indices': [29, 52]}]}",,,,"{'id': 26589987, 'id_str': '26589987', 'name': 'Serena Williams', 'screen_name': 'serenawilliams', 'location': 'Somewhere over the Rainbow', 'description': 'Living, Loving, and working to help you.', 'url': 'https://t.co/eQB8u4IvlO', 'entities': {'url': {'urls': [{'url': 'https://t.co/eQB8u4IvlO', 'expanded_url': 'http://www.serenawilliams.com', 'display_url': 'serenawilliams.com', 'indices': [0, 23]}]}, 'description': {'urls': []}}, 'protected': False, 'followers_count': 10816925, 'friends_count': 357, 'listed_count': 22008, 'created_at': 'Wed Mar 25 21:00:33 +0000 2009', 'favourites_count': 586, 'utc_offset': None, 'time_zone': None, 'geo_enabled': True, 'verified': True, 'statuses_count': 14538, 'lang': None, 'contributors_enabled': False, 'is_translator': False, 'is_translation_enabled': False, 'profile_background_color': '642D8B', 'profile_background_image_url': 'http://abs.twimg.com/images/themes/theme10/bg.gif', 'profile_background_image_url_https': 'https://abs.twimg.com/images/themes/theme10/bg.gif', 'profile_background_tile': True, 'profile_image_url': 'http://pbs.twimg.com/profile_images/831238969576677376/B90v9FF6_normal.jpg', 'profile_image_url_https': 'https://pbs.twimg.com/profile_images/831238969576677376/B90v9FF6_normal.jpg', 'profile_banner_url': 'https://pbs.twimg.com/profile_banners/26589987/1529593679', 'profile_link_color': 'FF0000', 'profile_sidebar_border_color': '65B0DA', 'profile_sidebar_fill_color': '7AC3EE', 'profile_text_color': '3D1957', 'profile_use_background_image': True, 'has_extended_profile': False, 'default_profile': False, 'default_profile_image': False, 'following': True, 'follow_request_sent': False, 'notifications': False, 'translator_type': 'none'}",True,422,5702,False,False,en
Sun Sep 06 13:46:29 +0000 2020,1302604082834796544,‚ù§Ô∏è https://t.co/nNHv9HZl91,"{'hashtags': [], 'symbols': [], 'user_mentions': [], 'urls': [{'url': 'https://t.co/nNHv9HZl91', 'expanded_url': 'https://twitter.com/alexisohanian/status/1302341686786494466', 'display_url': 'twitter.com/alexisohanian/‚Ä¶', 'indices': [3, 26]}]}",,,,"{'id': 26589987, 'id_str': '26589987', 'name': 'Serena Williams', 'screen_name': 'serenawilliams', 'location': 'Somewhere over the Rainbow', 'description': 'Living, Loving, and working to help you.', 'url': 'https://t.co/eQB8u4IvlO', 'entities': {'url': {'urls': [{'url': 'https://t.co/eQB8u4IvlO', 'expanded_url': 'http://www.serenawilliams.com', 'display_url': 'serenawilliams.com', 'indices': [0, 23]}]}, 'description': {'urls': []}}, 'protected': False, 'followers_count': 10816925, 'friends_count': 357, 'listed_count': 22008, 'created_at': 'Wed Mar 25 21:00:33 +0000 2009', 'favourites_count': 586, 'utc_offset': None, 'time_zone': None, 'geo_enabled': True, 'verified': True, 'statuses_count': 14538, 'lang': None, 'contributors_enabled': False, 'is_translator': False, 'is_translation_enabled': False, 'profile_background_color': '642D8B', 'profile_background_image_url': 'http://abs.twimg.com/images/themes/theme10/bg.gif', 'profile_background_image_url_https': 'https://abs.twimg.com/images/themes/theme10/bg.gif', 'profile_background_tile': True, 'profile_image_url': 'http://pbs.twimg.com/profile_images/831238969576677376/B90v9FF6_normal.jpg', 'profile_image_url_https': 'https://pbs.twimg.com/profile_images/831238969576677376/B90v9FF6_normal.jpg', 'profile_banner_url': 'https://pbs.twimg.com/profile_banners/26589987/1529593679', 'profile_link_color': 'FF0000', 'profile_sidebar_border_color': '65B0DA', 'profile_sidebar_fill_color': '7AC3EE', 'profile_text_color': '3D1957', 'profile_use_background_image': True, 'has_extended_profile': False, 'default_profile': False, 'default_profile_image': False, 'following': True, 'follow_request_sent': False, 'notifications': False, 'translator_type': 'none'}",True,241,5490,False,False,und
Sun Sep 06 13:44:54 +0000 2020,1302603686242377728,RT @popalorena: ''Momma'' üò≠üòç @alexisohanian @serenawilliams https://t.co/CYMe1ttUih,"{'hashtags': [], 'symbols': [], 'user_mentions': [{'screen_name': 'popalorena', 'name': 'LorenaPopa üïµÔ∏è\u200d‚ôÄÔ∏èüéæ', 'id': 486721472, 'id_str': '486721472', 'indices': [3, 14]}, {'screen_name': 'alexisohanian', 'name': 'Alexis Ohanian Sr. üèõÔ∏è7Ô∏è‚É£7Ô∏è‚É£6Ô∏è‚É£', 'id': 811350, 'id_str': '811350', 'indices': [29, 43]}, {'screen_name': 'serenawilliams', 'name': 'Serena Williams', 'id': 26589987, 'id_str': '26589987', 'indices': [44, 59]}], 'urls': [], 'media': [{'id': 1302339565953351681, 'id_str': '1302339565953351681', 'indices': [60, 83], 'media_url': 'http://pbs.twimg.com/tweet_video_thumb/EhLW72WWAAEmIvL.jpg', 'media_url_https': 'https://pbs.twimg.com/tweet_video_thumb/EhLW72WWAAEmIvL.jpg', 'url': 'https://t.co/CYMe1ttUih', 'display_url': 'pic.twitter.com/CYMe1ttUih', 'expanded_url': 'https://twitter.com/popalorena/status/1302339607430860800/photo/1', 'type': 'photo', 'sizes': {'thumb': {'w': 150, 'h': 150, 'resize': 'crop'}, 'small': {'w': 680, 'h': 420, 'resize': 'fit'}, 'medium': {'w': 722, 'h': 446, 'resize': 'fit'}, 'large': {'w': 722, 'h': 446, 'resize': 'fit'}}, 'source_status_id': 1302339607430860800, 'source_status_id_str': '1302339607430860800', 'source_user_id': 486721472, 'source_user_id_str': '486721472'}]}",,,,"{'id': 26589987, 'id_str': '26589987', 'name': 'Serena Williams', 'screen_name': 'serenawilliams', 'location': 'Somewhere over the Rainbow', 'description': 'Living, Loving, and working to help you.', 'url': 'https://t.co/eQB8u4IvlO', 'entities': {'url': {'urls': [{'url': 'https://t.co/eQB8u4IvlO', 'expanded_url': 'http://www.serenawilliams.com', 'display_url': 'serenawilliams.com', 'indices': [0, 23]}]}, 'description': {'urls': []}}, 'protected': False, 'followers_count': 10816925, 'friends_count': 357, 'listed_count': 22008, 'created_at': 'Wed Mar 25 21:00:33 +0000 2009', 'favourites_count': 586, 'utc_offset': None, 'time_zone': None, 'geo_enabled': True, 'verified': True, 'statuses_count': 14538, 'lang': None, 'contributors_enabled': False, 'is_translator': False, 'is_translation_enabled': False, 'profile_background_color': '642D8B', 'profile_background_image_url': 'http://abs.twimg.com/images/themes/theme10/bg.gif', 'profile_background_image_url_https': 'https://abs.twimg.com/images/themes/theme10/bg.gif', 'profile_background_tile': True, 'profile_image_url': 'http://pbs.twimg.com/profile_images/831238969576677376/B90v9FF6_normal.jpg', 'profile_image_url_https': 'https://pbs.twimg.com/profile_images/831238969576677376/B90v9FF6_normal.jpg', 'profile_banner_url': 'https://pbs.twimg.com/profile_banners/26589987/1529593679', 'profile_link_color': 'FF0000', 'profile_sidebar_border_color': '65B0DA', 'profile_sidebar_fill_color': '7AC3EE', 'profile_text_color': '3D1957', 'profile_use_background_image': True, 'has_extended_profile': False, 'default_profile': False, 'default_profile_image': False, 'following': True, 'follow_request_sent': False, 'notifications': False, 'translator_type': 'none'}",False,15133,0,False,False,en
Wed Sep 02 22:13:04 +0000 2020,1301282017095622656,"Loved chatting with @chloexhalle and watching them perform to kick off the #USOpen. Relive the awesome @Chase Sound Check virtual concert ‚Äì also featuring @thegreatkhalid and @kanebrown #chasesoundcheck #ad 
https://t.co/TpRfKo2I9h https://t.co/9aLISIsPo3","{'hashtags': [{'text': 'USOpen', 'indices': [75, 82]}, {'text': 'chasesoundcheck', 'indices': [186, 202]}, {'text': 'ad', 'indices': [203, 206]}], 'symbols': [], 'user_mentions': [{'screen_name': 'chloexhalle', 'name': 'chloe x halle', 'id': 189362860, 'id_str': '189362860', 'indices': [20, 32]}, {'screen_name': 'Chase', 'name': 'Chase', 'id': 274673392, 'id_str': '274673392', 'indices': [103, 109]}, {'screen_name': 'thegreatkhalid', 'name': 'Khalid', 'id': 1852644804, 'id_str': '1852644804', 'indices': [155, 170]}, {'screen_name': 'kanebrown', 'name': 'Kane Brown', 'id': 1476502188, 'id_str': '1476502188', 'indices': [175, 185]}], 'urls': [{'url': 'https://t.co/TpRfKo2I9h', 'expanded_url': 'http://bit.ly/chasesoundcheck', 'display_url': 'bit.ly/chasesoundcheck', 'indices': [208, 231]}], 'media': [{'id': 1301281885717495808, 'id_str': '1301281885717495808', 'indices': [232, 255], 'media_url': 'http://pbs.twimg.com/ext_tw_video_thumb/1301281885717495808/pu/img/lfIS3QCfaNZZUTi2.jpg', 'media_url_https': 'https://pbs.twimg.com/ext_tw_video_thumb/1301281885717495808/pu/img/lfIS3QCfaNZZUTi2.jpg', 'url': 'https://t.co/9aLISIsPo3', 'display_url': 'pic.twitter.com/9aLISIsPo3', 'expanded_url': 'https://twitter.com/serenawilliams/status/1301282017095622656/video/1', 'type': 'photo', 'sizes': {'thumb': {'w': 150, 'h': 150, 'resize': 'crop'}, 'medium': {'w': 1200, 'h': 675, 'resize': 'fit'}, 'small': {'w': 680, 'h': 383, 'resize': 'fit'}, 'large': {'w': 1280, 'h': 720, 'resize': 'fit'}}}]}",,,,"{'id': 26589987, 'id_str': '26589987', 'name': 'Serena Williams', 'screen_name': 'serenawilliams', 'location': 'Somewhere over the Rainbow', 'description': 'Living, Loving, and working to help you.', 'url': 'https://t.co/eQB8u4IvlO', 'entities': {'url': {'urls': [{'url': 'https://t.co/eQB8u4IvlO', 'expanded_url': 'http://www.serenawilliams.com', 'display_url': 'serenawilliams.com', 'indices': [0, 23]}]}, 'description': {'urls': []}}, 'protected': False, 'followers_count': 10816925, 'friends_count': 357, 'listed_count': 22008, 'created_at': 'Wed Mar 25 21:00:33 +0000 2009', 'favourites_count': 586, 'utc_offset': None, 'time_zone': None, 'geo_enabled': True, 'verified': True, 'statuses_count': 14538, 'lang': None, 'contributors_enabled': False, 'is_translator': False, 'is_translation_enabled': False, 'profile_background_color': '642D8B', 'profile_background_image_url': 'http://abs.twimg.com/images/themes/theme10/bg.gif', 'profile_background_image_url_https': 'https://abs.twimg.com/images/themes/theme10/bg.gif', 'profile_background_tile': True, 'profile_image_url': 'http://pbs.twimg.com/profile_images/831238969576677376/B90v9FF6_normal.jpg', 'profile_image_url_https': 'https://pbs.twimg.com/profile_images/831238969576677376/B90v9FF6_normal.jpg', 'profile_banner_url': 'https://pbs.twimg.com/profile_banners/26589987/1529593679', 'profile_link_color': 'FF0000', 'profile_sidebar_border_color': '65B0DA', 'profile_sidebar_fill_color': '7AC3EE', 'profile_text_color': '3D1957', 'profile_use_background_image': True, 'has_extended_profile': False, 'default_profile': False, 'default_profile_image': False, 'following': True, 'follow_request_sent': False, 'notifications': False, 'translator_type': 'none'}",False,502,3380,False,False,en
Fri Sep 25 13:08:08 +0000 2020,1309479802978676739,"I‚Äôm proud to endorse these outstanding Democratic candidates who will work to get the virus under control, rebuild the economy and the middle class, and protect Americans‚Äô health care and preexisting conditions protections. Support these candidates‚Äì‚Äìand vote early if you can. https://t.co/KETni3uwBt","{'hashtags': [], 'symbols': [], 'user_mentions': [], 'urls': [], 'media': [{'id': 1309479798624923650, 'id_str': '1309479798624923650', 'indices': [277, 300], 'media_url': 'http://pbs.twimg.com/media/Eiw08F2WsAIwpm5.jpg', 'media_url_https': 'https://pbs.twimg.com/media/Eiw08F2WsAIwpm5.jpg', 'url': 'https://t.co/KETni3uwBt', 'display_url': 'pic.twitter.com/KETni3uwBt', 'expanded_url': 'https://twitter.com/BarackObama/status/1309479802978676739/photo/1', 'type': 'photo', 'sizes': {'thumb': {'w': 150, 'h': 150, 'resize': 'crop'}, 'large': {'w': 2048, 'h': 1024, 'resize': 'fit'}, 'small': {'w': 680, 'h': 340, 'resize': 'fit'}, 'medium': {'w': 1200, 'h': 600, 'resize': 'fit'}}}]}",,,,"{'id': 813286, 'id_str': '813286', 'name': 'Barack Obama', 'screen_name': 'BarackObama', 'location': 'Washington, DC', 'description': 'Dad, husband, President, citizen.', 'url': 'https://t.co/93Y27HEnnX', 'entities': {'url': {'urls': [{'url': 'https://t.co/93Y27HEnnX', 'expanded_url': 'https://www.obama.org/', 'display_url': 'obama.org', 'indices': [0, 23]}]}, 'description': {'urls': []}}, 'protected': False, 'followers_count': 124429110, 'friends_count': 599406, 'listed_count': 220888, 'created_at': 'Mon Mar 05 22:08:25 +0000 2007', 'favourites_count': 0, 'utc_offset': None, 'time_zone': None, 'geo_enabled': False, 'verified': True, 'statuses_count': 15997, 'lang': None, 'contributors_enabled': False, 'is_translator': False, 'is_translation_enabled': True, 'profile_background_color': '77B0DC', 'profile_background_image_url': 'http://abs.twimg.com/images/themes/theme1/bg.png', 'profile_background_image_url_https': 'https://abs.twimg.com/images/themes/theme1/bg.png', 'profile_background_tile': False, 'profile_image_url': 'http://pbs.twimg.com/profile_images/822547732376207360/5g0FC8XX_normal.jpg', 'profile_image_url_https': 'https://pbs.twimg.com/profile_images/822547732376207360/5g0FC8XX_normal.jpg', 'profile_banner_url': 'https://pbs.twimg.com/profile_banners/813286/1502508746', 'profile_link_color': '2574AD', 'profile_sidebar_border_color': 'FFFFFF', 'profile_sidebar_fill_color': 'C2E0F6', 'profile_text_color': '333333', 'profile_use_background_image': True, 'has_extended_profile': True, 'default_profile': False, 'default_profile_image': False, 'following': True, 'follow_request_sent': False, 'notifications': False, 'translator_type': 'regular'}",False,27099,144988,False,False,en
Thu Sep 24 17:40:37 +0000 2020,1309185985796886528,You don't need me to tell you what's at stake in this election. Now is the time to show up and vote like never before to elect Democratic candidates up and down the ballot. Educate yourself on the candidates running and vote: https://t.co/Q2RbOQZwv9 https://t.co/DifTbqUYo1,"{'hashtags': [], 'symbols': [], 'user_mentions': [], 'urls': [{'url': 'https://t.co/Q2RbOQZwv9', 'expanded_url': 'http://iwillvote.com/obama', 'display_url': 'iwillvote.com/obama', 'indices': [226, 249]}], 'media': [{'id': 1309141882446974979, 'id_str': '1309141882446974979', 'indices': [250, 273], 'media_url': 'http://pbs.twimg.com/media/EisjqHJXkAAhMcG.jpg', 'media_url_https': 'https://pbs.twimg.com/media/EisjqHJXkAAhMcG.jpg', 'url': 'https://t.co/DifTbqUYo1', 'display_url': 'pic.twitter.com/DifTbqUYo1', 'expanded_url': 'https://twitter.com/BarackObama/status/1309185985796886528/video/1', 'type': 'photo', 'sizes': {'thumb': {'w': 150, 'h': 150, 'resize': 'crop'}, 'small': {'w': 680, 'h': 680, 'resize': 'fit'}, 'medium': {'w': 720, 'h': 720, 'resize': 'fit'}, 'large': {'w': 720, 'h': 720, 'resize': 'fit'}}}]}",,,,"{'id': 813286, 'id_str': '813286', 'name': 'Barack Obama', 'screen_name': 'BarackObama', 'location': 'Washington, DC', 'description': 'Dad, husband, President, citizen.', 'url': 'https://t.co/93Y27HEnnX', 'entities': {'url': {'urls': [{'url': 'https://t.co/93Y27HEnnX', 'expanded_url': 'https://www.obama.org/', 'display_url': 'obama.org', 'indices': [0, 23]}]}, 'description': {'urls': []}}, 'protected': False, 'followers_count': 124429110, 'friends_count': 599406, 'listed_count': 220888, 'created_at': 'Mon Mar 05 22:08:25 +0000 2007', 'favourites_count': 0, 'utc_offset': None, 'time_zone': None, 'geo_enabled': False, 'verified': True, 'statuses_count': 15997, 'lang': None, 'contributors_enabled': False, 'is_translator': False, 'is_translation_enabled': True, 'profile_background_color': '77B0DC', 'profile_background_image_url': 'http://abs.twimg.com/images/themes/theme1/bg.png', 'profile_background_image_url_https': 'https://abs.twimg.com/images/themes/theme1/bg.png', 'profile_background_tile': False, 'profile_image_url': 'http://pbs.twimg.com/profile_images/822547732376207360/5g0FC8XX_normal.jpg', 'profile_image_url_https': 'https://pbs.twimg.com/profile_images/822547732376207360/5g0FC8XX_normal.jpg', 'profile_banner_url': 'https://pbs.twimg.com/profile_banners/813286/1502508746', 'profile_link_color': '2574AD', 'profile_sidebar_border_color': 'FFFFFF', 'profile_sidebar_fill_color': 'C2E0F6', 'profile_text_color': '333333', 'profile_use_background_image': True, 'has_extended_profile': True, 'default_profile': False, 'default_profile_image': False, 'following': True, 'follow_request_sent': False, 'notifications': False, 'translator_type': 'regular'}",False,30192,117912,False,False,en
Wed Sep 23 14:04:19 +0000 2020,1308769164190941187,"All right, let's try something new. If you‚Äôre in the United States, send me a text at 773-365-9687 ‚Äî I want to hear how you're doing, what's on your mind, and how you're planning on voting this year. 

I'll be in touch from time to time to share what's on my mind, too. https://t.co/NX91bSqbtG","{'hashtags': [], 'symbols': [], 'user_mentions': [], 'urls': [], 'media': [{'id': 1308769158767706118, 'id_str': '1308769158767706118', 'indices': [270, 293], 'media_url': 'http://pbs.twimg.com/media/EimunaFWAAYf8wg.jpg', 'media_url_https': 'https://pbs.twimg.com/media/EimunaFWAAYf8wg.jpg', 'url': 'https://t.co/NX91bSqbtG', 'display_url': 'pic.twitter.com/NX91bSqbtG', 'expanded_url': 'https://twitter.com/BarackObama/status/1308769164190941187/photo/1', 'type': 'photo', 'sizes': {'small': {'w': 680, 'h': 680, 'resize': 'fit'}, 'thumb': {'w': 150, 'h': 150, 'resize': 'crop'}, 'medium': {'w': 1200, 'h': 1200, 'resize': 'fit'}, 'large': {'w': 1700, 'h': 1700, 'resize': 'fit'}}}]}",,,,"{'id': 813286, 'id_str': '813286', 'name': 'Barack Obama', 'screen_name': 'BarackObama', 'location': 'Washington, DC', 'description': 'Dad, husband, President, citizen.', 'url': 'https://t.co/93Y27HEnnX', 'entities': {'url': {'urls': [{'url': 'https://t.co/93Y27HEnnX', 'expanded_url': 'https://www.obama.org/', 'display_url': 'obama.org', 'indices': [0, 23]}]}, 'description': {'urls': []}}, 'protected': False, 'followers_count': 124429110, 'friends_count': 599406, 'listed_count': 220888, 'created_at': 'Mon Mar 05 22:08:25 +0000 2007', 'favourites_count': 0, 'utc_offset': None, 'time_zone': None, 'geo_enabled': False, 'verified': True, 'statuses_count': 15997, 'lang': None, 'contributors_enabled': False, 'is_translator': False, 'is_translation_enabled': True, 'profile_background_color': '77B0DC', 'profile_background_image_url': 'http://abs.twimg.com/images/themes/theme1/bg.png', 'profile_background_image_url_https': 'https://abs.twimg.com/images/themes/theme1/bg.png', 'profile_background_tile': False, 'profile_image_url': 'http://pbs.twimg.com/profile_images/822547732376207360/5g0FC8XX_normal.jpg', 'profile_image_url_https': 'https://pbs.twimg.com/profile_images/822547732376207360/5g0FC8XX_normal.jpg', 'profile_banner_url': 'https://pbs.twimg.com/profile_banners/813286/1502508746', 'profile_link_color': '2574AD', 'profile_sidebar_border_color': 'FFFFFF', 'profile_sidebar_fill_color': 'C2E0F6', 'profile_text_color': '333333', 'profile_use_background_image': True, 'has_extended_profile': True, 'default_profile': False, 'default_profile_image': False, 'following': True, 'follow_request_sent': False, 'notifications': False, 'translator_type': 'regular'}",False,33985,279486,False,False,en
Tue Sep 22 13:00:20 +0000 2020,1308390673939410944,"Your vote has never mattered more than it does right now.

Today is National Voter Registration Day. Go to https://t.co/XdZz4dh82T to register and make a plan to vote. And make sure everybody you know does, too. https://t.co/ItarX1d4zw","{'hashtags': [], 'symbols': [], 'user_mentions': [], 'urls': [{'url': 'https://t.co/XdZz4dh82T', 'expanded_url': 'http://iwillvote.com', 'display_url': 'iwillvote.com', 'indices': [107, 130]}], 'media': [{'id': 1308388367898419202, 'id_str': '1308388367898419202', 'indices': [212, 235], 'media_url': 'http://pbs.twimg.com/media/EihU998XcAE1BOG.jpg', 'media_url_https': 'https://pbs.twimg.com/media/EihU998XcAE1BOG.jpg', 'url': 'https://t.co/ItarX1d4zw', 'display_url': 'pic.twitter.com/ItarX1d4zw', 'expanded_url': 'https://twitter.com/BarackObama/status/1308390673939410944/video/1', 'type': 'photo', 'sizes': {'thumb': {'w': 150, 'h': 150, 'resize': 'crop'}, 'small': {'w': 680, 'h': 680, 'resize': 'fit'}, 'medium': {'w': 720, 'h': 720, 'resize': 'fit'}, 'large': {'w': 720, 'h': 720, 'resize': 'fit'}}}]}",,,,"{'id': 813286, 'id_str': '813286', 'name': 'Barack Obama', 'screen_name': 'BarackObama', 'location': 'Washington, DC', 'description': 'Dad, husband, President, citizen.', 'url': 'https://t.co/93Y27HEnnX', 'entities': {'url': {'urls': [{'url': 'https://t.co/93Y27HEnnX', 'expanded_url': 'https://www.obama.org/', 'display_url': 'obama.org', 'indices': [0, 23]}]}, 'description': {'urls': []}}, 'protected': False, 'followers_count': 124429110, 'friends_count': 599406, 'listed_count': 220888, 'created_at': 'Mon Mar 05 22:08:25 +0000 2007', 'favourites_count': 0, 'utc_offset': None, 'time_zone': None, 'geo_enabled': False, 'verified': True, 'statuses_count': 15997, 'lang': None, 'contributors_enabled': False, 'is_translator': False, 'is_translation_enabled': True, 'profile_background_color': '77B0DC', 'profile_background_image_url': 'http://abs.twimg.com/images/themes/theme1/bg.png', 'profile_background_image_url_https': 'https://abs.twimg.com/images/themes/theme1/bg.png', 'profile_background_tile': False, 'profile_image_url': 'http://pbs.twimg.com/profile_images/822547732376207360/5g0FC8XX_normal.jpg', 'profile_image_url_https': 'https://pbs.twimg.com/profile_images/822547732376207360/5g0FC8XX_normal.jpg', 'profile_banner_url': 'https://pbs.twimg.com/profile_banners/813286/1502508746', 'profile_link_color': '2574AD', 'profile_sidebar_border_color': 'FFFFFF', 'profile_sidebar_fill_color': 'C2E0F6', 'profile_text_color': '333333', 'profile_use_background_image': True, 'has_extended_profile': True, 'default_profile': False, 'default_profile_image': False, 'following': True, 'follow_request_sent': False, 'notifications': False, 'translator_type': 'regular'}",False,30639,113279,False,False,en
Sat Sep 19 03:51:54 +0000 2020,1307165496484208640,"Justice Ruth Bader Ginsburg fought to the end, through her cancer, with unwavering faith in our democracy and its ideals. That‚Äôs how we remember her. But she also left instructions for how she wanted her legacy to be honored. My statement: https://t.co/Wa6YcT5gDi","{'hashtags': [], 'symbols': [], 'user_mentions': [], 'urls': [{'url': 'https://t.co/Wa6YcT5gDi', 'expanded_url': 'https://obama.medium.com/my-statement-on-the-passing-of-justice-ruth-bader-ginsburg-5a925b627457', 'display_url': 'obama.medium.com/my-statement-o‚Ä¶', 'indices': [240, 263]}]}",,,,"{'id': 813286, 'id_str': '813286', 'name': 'Barack Obama', 'screen_name': 'BarackObama', 'location': 'Washington, DC', 'description': 'Dad, husband, President, citizen.', 'url': 'https://t.co/93Y27HEnnX', 'entities': {'url': {'urls': [{'url': 'https://t.co/93Y27HEnnX', 'expanded_url': 'https://www.obama.org/', 'display_url': 'obama.org', 'indices': [0, 23]}]}, 'description': {'urls': []}}, 'protected': False, 'followers_count': 124429110, 'friends_count': 599406, 'listed_count': 220888, 'created_at': 'Mon Mar 05 22:08:25 +0000 2007', 'favourites_count': 0, 'utc_offset': None, 'time_zone': None, 'geo_enabled': False, 'verified': True, 'statuses_count': 15997, 'lang': None, 'contributors_enabled': False, 'is_translator': False, 'is_translation_enabled': True, 'profile_background_color': '77B0DC', 'profile_background_image_url': 'http://abs.twimg.com/images/themes/theme1/bg.png', 'profile_background_image_url_https': 'https://abs.twimg.com/images/themes/theme1/bg.png', 'profile_background_tile': False, 'profile_image_url': 'http://pbs.twimg.com/profile_images/822547732376207360/5g0FC8XX_normal.jpg', 'profile_image_url_https': 'https://pbs.twimg.com/profile_images/822547732376207360/5g0FC8XX_normal.jpg', 'profile_banner_url': 'https://pbs.twimg.com/profile_banners/813286/1502508746', 'profile_link_color': '2574AD', 'profile_sidebar_border_color': 'FFFFFF', 'profile_sidebar_fill_color': 'C2E0F6', 'profile_text_color': '333333', 'profile_use_background_image': True, 'has_extended_profile': True, 'default_profile': False, 'default_profile_image': False, 'following': True, 'follow_request_sent': False, 'notifications': False, 'translator_type': 'regular'}",False,79669,417649,False,False,en
Fri Sep 18 19:00:39 +0000 2020,1307031800909385733,"If you're looking for a way to get involved in this upcoming election, sign up to volunteer as a poll worker for early voting and Election Day. You can help your community and make sure this election runs fairly and safely. Sign up: https://t.co/Ge4XvvPwpW https://t.co/wb4Ap7xmtt","{'hashtags': [], 'symbols': [], 'user_mentions': [], 'urls': [{'url': 'https://t.co/Ge4XvvPwpW', 'expanded_url': 'http://more.vote/next', 'display_url': 'more.vote/next', 'indices': [233, 256]}], 'media': [{'id': 1307030362212708354, 'id_str': '1307030362212708354', 'indices': [257, 280], 'media_url': 'http://pbs.twimg.com/amplify_video_thumb/1307030362212708354/img/OzdXvQKSLq0SeJGB.jpg', 'media_url_https': 'https://pbs.twimg.com/amplify_video_thumb/1307030362212708354/img/OzdXvQKSLq0SeJGB.jpg', 'url': 'https://t.co/wb4Ap7xmtt', 'display_url': 'pic.twitter.com/wb4Ap7xmtt', 'expanded_url': 'https://twitter.com/BarackObama/status/1307031800909385733/video/1', 'type': 'photo', 'sizes': {'thumb': {'w': 150, 'h': 150, 'resize': 'crop'}, 'small': {'w': 680, 'h': 680, 'resize': 'fit'}, 'medium': {'w': 720, 'h': 720, 'resize': 'fit'}, 'large': {'w': 720, 'h': 720, 'resize': 'fit'}}}]}",,,,"{'id': 813286, 'id_str': '813286', 'name': 'Barack Obama', 'screen_name': 'BarackObama', 'location': 'Washington, DC', 'description': 'Dad, husband, President, citizen.', 'url': 'https://t.co/93Y27HEnnX', 'entities': {'url': {'urls': [{'url': 'https://t.co/93Y27HEnnX', 'expanded_url': 'https://www.obama.org/', 'display_url': 'obama.org', 'indices': [0, 23]}]}, 'description': {'urls': []}}, 'protected': False, 'followers_count': 124429110, 'friends_count': 599406, 'listed_count': 220888, 'created_at': 'Mon Mar 05 22:08:25 +0000 2007', 'favourites_count': 0, 'utc_offset': None, 'time_zone': None, 'geo_enabled': False, 'verified': True, 'statuses_count': 15997, 'lang': None, 'contributors_enabled': False, 'is_translator': False, 'is_translation_enabled': True, 'profile_background_color': '77B0DC', 'profile_background_image_url': 'http://abs.twimg.com/images/themes/theme1/bg.png', 'profile_background_image_url_https': 'https://abs.twimg.com/images/themes/theme1/bg.png', 'profile_background_tile': False, 'profile_image_url': 'http://pbs.twimg.com/profile_images/822547732376207360/5g0FC8XX_normal.jpg', 'profile_image_url_https': 'https://pbs.twimg.com/profile_images/822547732376207360/5g0FC8XX_normal.jpg', 'profile_banner_url': 'https://pbs.twimg.com/profile_banners/813286/1502508746', 'profile_link_color': '2574AD', 'profile_sidebar_border_color': 'FFFFFF', 'profile_sidebar_fill_color': 'C2E0F6', 'profile_text_color': '333333', 'profile_use_background_image': True, 'has_extended_profile': True, 'default_profile': False, 'default_profile_image': False, 'following': True, 'follow_request_sent': False, 'notifications': False, 'translator_type': 'regular'}",False,9989,43523,False,False,en
Thu Sep 17 10:10:15 +0000 2020,1306535933475532803,"There‚Äôs no feeling like finishing a book, and I‚Äôm proud of this one. In A Promised Land, I try to provide an honest accounting of my presidency, the forces we grapple with as a nation, and how we can heal our divisions and make democracy work for everybody. https://t.co/T1QSZVDvOm","{'hashtags': [], 'symbols': [], 'user_mentions': [], 'urls': [], 'media': [{'id': 1306531066715537413, 'id_str': '1306531066715537413', 'indices': [258, 281], 'media_url': 'http://pbs.twimg.com/media/EiG7FTeXgAUhTDk.jpg', 'media_url_https': 'https://pbs.twimg.com/media/EiG7FTeXgAUhTDk.jpg', 'url': 'https://t.co/T1QSZVDvOm', 'display_url': 'pic.twitter.com/T1QSZVDvOm', 'expanded_url': 'https://twitter.com/BarackObama/status/1306535933475532803/photo/1', 'type': 'photo', 'sizes': {'thumb': {'w': 150, 'h': 150, 'resize': 'crop'}, 'small': {'w': 680, 'h': 340, 'resize': 'fit'}, 'large': {'w': 1024, 'h': 512, 'resize': 'fit'}, 'medium': {'w': 1024, 'h': 512, 'resize': 'fit'}}}]}",,,,"{'id': 813286, 'id_str': '813286', 'name': 'Barack Obama', 'screen_name': 'BarackObama', 'location': 'Washington, DC', 'description': 'Dad, husband, President, citizen.', 'url': 'https://t.co/93Y27HEnnX', 'entities': {'url': {'urls': [{'url': 'https://t.co/93Y27HEnnX', 'expanded_url': 'https://www.obama.org/', 'display_url': 'obama.org', 'indices': [0, 23]}]}, 'description': {'urls': []}}, 'protected': False, 'followers_count': 124429110, 'friends_count': 599406, 'listed_count': 220888, 'created_at': 'Mon Mar 05 22:08:25 +0000 2007', 'favourites_count': 0, 'utc_offset': None, 'time_zone': None, 'geo_enabled': False, 'verified': True, 'statuses_count': 15997, 'lang': None, 'contributors_enabled': False, 'is_translator': False, 'is_translation_enabled': True, 'profile_background_color': '77B0DC', 'profile_background_image_url': 'http://abs.twimg.com/images/themes/theme1/bg.png', 'profile_background_image_url_https': 'https://abs.twimg.com/images/themes/theme1/bg.png', 'profile_background_tile': False, 'profile_image_url': 'http://pbs.twimg.com/profile_images/822547732376207360/5g0FC8XX_normal.jpg', 'profile_image_url_https': 'https://pbs.twimg.com/profile_images/822547732376207360/5g0FC8XX_normal.jpg', 'profile_banner_url': 'https://pbs.twimg.com/profile_banners/813286/1502508746', 'profile_link_color': '2574AD', 'profile_sidebar_border_color': 'FFFFFF', 'profile_sidebar_fill_color': 'C2E0F6', 'profile_text_color': '333333', 'profile_use_background_image': True, 'has_extended_profile': True, 'default_profile': False, 'default_profile_image': False, 'following': True, 'follow_request_sent': False, 'notifications': False, 'translator_type': 'regular'}",False,40084,321961,False,False,en
Wed Sep 16 15:00:09 +0000 2020,1306246499882369026,"Over the last few months, I've learned a thing or two from the young people in our country. I figured I would return the favor by sharing with you how to make a plan to vote in this upcoming election.
 
Get registered and vote early: https://t.co/Q5BUeMaOB5 

Video: @attn https://t.co/CNqjS7Dmxo","{'hashtags': [], 'symbols': [], 'user_mentions': [{'screen_name': 'attn', 'name': 'attn', 'id': 214112621, 'id_str': '214112621', 'indices': [267, 272]}], 'urls': [{'url': 'https://t.co/Q5BUeMaOB5', 'expanded_url': 'http://votesave.us/obama', 'display_url': 'votesave.us/obama', 'indices': [234, 257]}], 'media': [{'id': 1306054571970551808, 'id_str': '1306054571970551808', 'indices': [273, 296], 'media_url': 'http://pbs.twimg.com/amplify_video_thumb/1306054571970551808/img/OQiD6_UZBbEbB3R2.jpg', 'media_url_https': 'https://pbs.twimg.com/amplify_video_thumb/1306054571970551808/img/OQiD6_UZBbEbB3R2.jpg', 'url': 'https://t.co/CNqjS7Dmxo', 'display_url': 'pic.twitter.com/CNqjS7Dmxo', 'expanded_url': 'https://twitter.com/BarackObama/status/1306246499882369026/video/1', 'type': 'photo', 'sizes': {'thumb': {'w': 150, 'h': 150, 'resize': 'crop'}, 'small': {'w': 680, 'h': 680, 'resize': 'fit'}, 'medium': {'w': 720, 'h': 720, 'resize': 'fit'}, 'large': {'w': 720, 'h': 720, 'resize': 'fit'}}, 'source_user_id': 214112621, 'source_user_id_str': '214112621'}]}",,,,"{'id': 813286, 'id_str': '813286', 'name': 'Barack Obama', 'screen_name': 'BarackObama', 'location': 'Washington, DC', 'description': 'Dad, husband, President, citizen.', 'url': 'https://t.co/93Y27HEnnX', 'entities': {'url': {'urls': [{'url': 'https://t.co/93Y27HEnnX', 'expanded_url': 'https://www.obama.org/', 'display_url': 'obama.org', 'indices': [0, 23]}]}, 'description': {'urls': []}}, 'protected': False, 'followers_count': 124429110, 'friends_count': 599406, 'listed_count': 220888, 'created_at': 'Mon Mar 05 22:08:25 +0000 2007', 'favourites_count': 0, 'utc_offset': None, 'time_zone': None, 'geo_enabled': False, 'verified': True, 'statuses_count': 15997, 'lang': None, 'contributors_enabled': False, 'is_translator': False, 'is_translation_enabled': True, 'profile_background_color': '77B0DC', 'profile_background_image_url': 'http://abs.twimg.com/images/themes/theme1/bg.png', 'profile_background_image_url_https': 'https://abs.twimg.com/images/themes/theme1/bg.png', 'profile_background_tile': False, 'profile_image_url': 'http://pbs.twimg.com/profile_images/822547732376207360/5g0FC8XX_normal.jpg', 'profile_image_url_https': 'https://pbs.twimg.com/profile_images/822547732376207360/5g0FC8XX_normal.jpg', 'profile_banner_url': 'https://pbs.twimg.com/profile_banners/813286/1502508746', 'profile_link_color': '2574AD', 'profile_sidebar_border_color': 'FFFFFF', 'profile_sidebar_fill_color': 'C2E0F6', 'profile_text_color': '333333', 'profile_use_background_image': True, 'has_extended_profile': True, 'default_profile': False, 'default_profile_image': False, 'following': True, 'follow_request_sent': False, 'notifications': False, 'translator_type': 'regular'}",False,44862,149620,False,False,en
Fri Sep 11 15:30:03 +0000 2020,1304442086289297408,"Today we remember the lives we lost on 9/11. Even the smallest act of service is a way to honor them. And just like Jay Winuk, we can honor their memories through service. https://t.co/BdKDozK5t0 https://t.co/Jc4vg4Dqoh","{'hashtags': [], 'symbols': [], 'user_mentions': [], 'urls': [{'url': 'https://t.co/BdKDozK5t0', 'expanded_url': 'http://911day.org', 'display_url': '911day.org', 'indices': [172, 195]}, {'url': 'https://t.co/Jc4vg4Dqoh', 'expanded_url': 'https://twitter.com/ObamaFoundation/status/1304440012616994817', 'display_url': 'twitter.com/ObamaFoundatio‚Ä¶', 'indices': [196, 219]}]}",,,,"{'id': 813286, 'id_str': '813286', 'name': 'Barack Obama', 'screen_name': 'BarackObama', 'location': 'Washington, DC', 'description': 'Dad, husband, President, citizen.', 'url': 'https://t.co/93Y27HEnnX', 'entities': {'url': {'urls': [{'url': 'https://t.co/93Y27HEnnX', 'expanded_url': 'https://www.obama.org/', 'display_url': 'obama.org', 'indices': [0, 23]}]}, 'description': {'urls': []}}, 'protected': False, 'followers_count': 124429110, 'friends_count': 599406, 'listed_count': 220888, 'created_at': 'Mon Mar 05 22:08:25 +0000 2007', 'favourites_count': 0, 'utc_offset': None, 'time_zone': None, 'geo_enabled': False, 'verified': True, 'statuses_count': 15997, 'lang': None, 'contributors_enabled': False, 'is_translator': False, 'is_translation_enabled': True, 'profile_background_color': '77B0DC', 'profile_background_image_url': 'http://abs.twimg.com/images/themes/theme1/bg.png', 'profile_background_image_url_https': 'https://abs.twimg.com/images/themes/theme1/bg.png', 'profile_background_tile': False, 'profile_image_url': 'http://pbs.twimg.com/profile_images/822547732376207360/5g0FC8XX_normal.jpg', 'profile_image_url_https': 'https://pbs.twimg.com/profile_images/822547732376207360/5g0FC8XX_normal.jpg', 'profile_banner_url': 'https://pbs.twimg.com/profile_banners/813286/1502508746', 'profile_link_color': '2574AD', 'profile_sidebar_border_color': 'FFFFFF', 'profile_sidebar_fill_color': 'C2E0F6', 'profile_text_color': '333333', 'profile_use_background_image': True, 'has_extended_profile': True, 'default_profile': False, 'default_profile_image': False, 'following': True, 'follow_request_sent': False, 'notifications': False, 'translator_type': 'regular'}",True,16239,112854,False,False,en
Thu Sep 10 00:55:37 +0000 2020,1303859640980172800,The fires across the West Coast are just the latest examples of the very real ways our changing climate is changing our communities. Protecting our planet is on the ballot. Vote like your life depends on it‚Äîbecause it does. https://t.co/gKGegXWxQu,"{'hashtags': [], 'symbols': [], 'user_mentions': [], 'urls': [], 'media': [{'id': 1303859637163298816, 'id_str': '1303859637163298816', 'indices': [224, 247], 'media_url': 'http://pbs.twimg.com/media/Ehg9bo4WkAARaRL.jpg', 'media_url_https': 'https://pbs.twimg.com/media/Ehg9bo4WkAARaRL.jpg', 'url': 'https://t.co/gKGegXWxQu', 'display_url': 'pic.twitter.com/gKGegXWxQu', 'expanded_url': 'https://twitter.com/BarackObama/status/1303859640980172800/photo/1', 'type': 'photo', 'sizes': {'small': {'w': 680, 'h': 446, 'resize': 'fit'}, 'medium': {'w': 1125, 'h': 738, 'resize': 'fit'}, 'thumb': {'w': 150, 'h': 150, 'resize': 'crop'}, 'large': {'w': 1125, 'h': 738, 'resize': 'fit'}}}]}",,,,"{'id': 813286, 'id_str': '813286', 'name': 'Barack Obama', 'screen_name': 'BarackObama', 'location': 'Washington, DC', 'description': 'Dad, husband, President, citizen.', 'url': 'https://t.co/93Y27HEnnX', 'entities': {'url': {'urls': [{'url': 'https://t.co/93Y27HEnnX', 'expanded_url': 'https://www.obama.org/', 'display_url': 'obama.org', 'indices': [0, 23]}]}, 'description': {'urls': []}}, 'protected': False, 'followers_count': 124429110, 'friends_count': 599406, 'listed_count': 220888, 'created_at': 'Mon Mar 05 22:08:25 +0000 2007', 'favourites_count': 0, 'utc_offset': None, 'time_zone': None, 'geo_enabled': False, 'verified': True, 'statuses_count': 15997, 'lang': None, 'contributors_enabled': False, 'is_translator': False, 'is_translation_enabled': True, 'profile_background_color': '77B0DC', 'profile_background_image_url': 'http://abs.twimg.com/images/themes/theme1/bg.png', 'profile_background_image_url_https': 'https://abs.twimg.com/images/themes/theme1/bg.png', 'profile_background_tile': False, 'profile_image_url': 'http://pbs.twimg.com/profile_images/822547732376207360/5g0FC8XX_normal.jpg', 'profile_image_url_https': 'https://pbs.twimg.com/profile_images/822547732376207360/5g0FC8XX_normal.jpg', 'profile_banner_url': 'https://pbs.twimg.com/profile_banners/813286/1502508746', 'profile_link_color': '2574AD', 'profile_sidebar_border_color': 'FFFFFF', 'profile_sidebar_fill_color': 'C2E0F6', 'profile_text_color': '333333', 'profile_use_background_image': True, 'has_extended_profile': True, 'default_profile': False, 'default_profile_image': False, 'following': True, 'follow_request_sent': False, 'notifications': False, 'translator_type': 'regular'}",False,121114,566910,False,False,en
Tue Sep 08 12:00:01 +0000 2020,1303302067847663617,"Great to catch up with our next Vice President, @KamalaHarris. I wanted to make sure to share a few tips about serving alongside our friend @JoeBiden. https://t.co/ncidvmylch","{'hashtags': [], 'symbols': [], 'user_mentions': [{'screen_name': 'KamalaHarris', 'name': 'Kamala Harris', 'id': 30354991, 'id_str': '30354991', 'indices': [48, 61]}, {'screen_name': 'JoeBiden', 'name': 'Joe Biden', 'id': 939091, 'id_str': '939091', 'indices': [140, 149]}], 'urls': [], 'media': [{'id': 1303298574537625600, 'id_str': '1303298574537625600', 'indices': [151, 174], 'media_url': 'http://pbs.twimg.com/media/EjQ_X69XcBAJiIQ.jpg', 'media_url_https': 'https://pbs.twimg.com/media/EjQ_X69XcBAJiIQ.jpg', 'url': 'https://t.co/ncidvmylch', 'display_url': 'pic.twitter.com/ncidvmylch', 'expanded_url': 'https://twitter.com/BarackObama/status/1303302067847663617/video/1', 'type': 'photo', 'sizes': {'thumb': {'w': 150, 'h': 150, 'resize': 'crop'}, 'medium': {'w': 1200, 'h': 675, 'resize': 'fit'}, 'small': {'w': 680, 'h': 383, 'resize': 'fit'}, 'large': {'w': 1280, 'h': 720, 'resize': 'fit'}}}]}",,,,"{'id': 813286, 'id_str': '813286', 'name': 'Barack Obama', 'screen_name': 'BarackObama', 'location': 'Washington, DC', 'description': 'Dad, husband, President, citizen.', 'url': 'https://t.co/93Y27HEnnX', 'entities': {'url': {'urls': [{'url': 'https://t.co/93Y27HEnnX', 'expanded_url': 'https://www.obama.org/', 'display_url': 'obama.org', 'indices': [0, 23]}]}, 'description': {'urls': []}}, 'protected': False, 'followers_count': 124429110, 'friends_count': 599406, 'listed_count': 220888, 'created_at': 'Mon Mar 05 22:08:25 +0000 2007', 'favourites_count': 0, 'utc_offset': None, 'time_zone': None, 'geo_enabled': False, 'verified': True, 'statuses_count': 15997, 'lang': None, 'contributors_enabled': False, 'is_translator': False, 'is_translation_enabled': True, 'profile_background_color': '77B0DC', 'profile_background_image_url': 'http://abs.twimg.com/images/themes/theme1/bg.png', 'profile_background_image_url_https': 'https://abs.twimg.com/images/themes/theme1/bg.png', 'profile_background_tile': False, 'profile_image_url': 'http://pbs.twimg.com/profile_images/822547732376207360/5g0FC8XX_normal.jpg', 'profile_image_url_https': 'https://pbs.twimg.com/profile_images/822547732376207360/5g0FC8XX_normal.jpg', 'profile_banner_url': 'https://pbs.twimg.com/profile_banners/813286/1502508746', 'profile_link_color': '2574AD', 'profile_sidebar_border_color': 'FFFFFF', 'profile_sidebar_fill_color': 'C2E0F6', 'profile_text_color': '333333', 'profile_use_background_image': True, 'has_extended_profile': True, 'default_profile': False, 'default_profile_image': False, 'following': True, 'follow_request_sent': False, 'notifications': False, 'translator_type': 'regular'}",False,26634,144815,False,False,en
Mon Sep 07 17:01:07 +0000 2020,1303015453544112129,"RT @JoeBiden: Today, we honor the generations of union workers who fought for the rights, power, wages, and benefits that built and sustain‚Ä¶","{'hashtags': [], 'symbols': [], 'user_mentions': [{'screen_name': 'JoeBiden', 'name': 'Joe Biden', 'id': 939091, 'id_str': '939091', 'indices': [3, 12]}], 'urls': []}",,,,"{'id': 813286, 'id_str': '813286', 'name': 'Barack Obama', 'screen_name': 'BarackObama', 'location': 'Washington, DC', 'description': 'Dad, husband, President, citizen.', 'url': 'https://t.co/93Y27HEnnX', 'entities': {'url': {'urls': [{'url': 'https://t.co/93Y27HEnnX', 'expanded_url': 'https://www.obama.org/', 'display_url': 'obama.org', 'indices': [0, 23]}]}, 'description': {'urls': []}}, 'protected': False, 'followers_count': 124429110, 'friends_count': 599406, 'listed_count': 220888, 'created_at': 'Mon Mar 05 22:08:25 +0000 2007', 'favourites_count': 0, 'utc_offset': None, 'time_zone': None, 'geo_enabled': False, 'verified': True, 'statuses_count': 15997, 'lang': None, 'contributors_enabled': False, 'is_translator': False, 'is_translation_enabled': True, 'profile_background_color': '77B0DC', 'profile_background_image_url': 'http://abs.twimg.com/images/themes/theme1/bg.png', 'profile_background_image_url_https': 'https://abs.twimg.com/images/themes/theme1/bg.png', 'profile_background_tile': False, 'profile_image_url': 'http://pbs.twimg.com/profile_images/822547732376207360/5g0FC8XX_normal.jpg', 'profile_image_url_https': 'https://pbs.twimg.com/profile_images/822547732376207360/5g0FC8XX_normal.jpg', 'profile_banner_url': 'https://pbs.twimg.com/profile_banners/813286/1502508746', 'profile_link_color': '2574AD', 'profile_sidebar_border_color': 'FFFFFF', 'profile_sidebar_fill_color': 'C2E0F6', 'profile_text_color': '333333', 'profile_use_background_image': True, 'has_extended_profile': True, 'default_profile': False, 'default_profile_image': False, 'following': True, 'follow_request_sent': False, 'notifications': False, 'translator_type': 'regular'}",False,15131,0,False,False,en
Mon Sep 07 17:00:34 +0000 2020,1303015313320050688,"This Labor Day, let‚Äôs thank all those who've kept our country going this year‚Äînurses, teachers, delivery drivers, food service workers, and many more. We can honor them by building our system back even better‚Äîso that essential workers are treated like it, pandemic or not.","{'hashtags': [], 'symbols': [], 'user_mentions': [], 'urls': []}",,,,"{'id': 813286, 'id_str': '813286', 'name': 'Barack Obama', 'screen_name': 'BarackObama', 'location': 'Washington, DC', 'description': 'Dad, husband, President, citizen.', 'url': 'https://t.co/93Y27HEnnX', 'entities': {'url': {'urls': [{'url': 'https://t.co/93Y27HEnnX', 'expanded_url': 'https://www.obama.org/', 'display_url': 'obama.org', 'indices': [0, 23]}]}, 'description': {'urls': []}}, 'protected': False, 'followers_count': 124429110, 'friends_count': 599406, 'listed_count': 220888, 'created_at': 'Mon Mar 05 22:08:25 +0000 2007', 'favourites_count': 0, 'utc_offset': None, 'time_zone': None, 'geo_enabled': False, 'verified': True, 'statuses_count': 15997, 'lang': None, 'contributors_enabled': False, 'is_translator': False, 'is_translation_enabled': True, 'profile_background_color': '77B0DC', 'profile_background_image_url': 'http://abs.twimg.com/images/themes/theme1/bg.png', 'profile_background_image_url_https': 'https://abs.twimg.com/images/themes/theme1/bg.png', 'profile_background_tile': False, 'profile_image_url': 'http://pbs.twimg.com/profile_images/822547732376207360/5g0FC8XX_normal.jpg', 'profile_image_url_https': 'https://pbs.twimg.com/profile_images/822547732376207360/5g0FC8XX_normal.jpg', 'profile_banner_url': 'https://pbs.twimg.com/profile_banners/813286/1502508746', 'profile_link_color': '2574AD', 'profile_sidebar_border_color': 'FFFFFF', 'profile_sidebar_fill_color': 'C2E0F6', 'profile_text_color': '333333', 'profile_use_background_image': True, 'has_extended_profile': True, 'default_profile': False, 'default_profile_image': False, 'following': True, 'follow_request_sent': False, 'notifications': False, 'translator_type': 'regular'}",False,46683,316460,False,False,en
Sat Sep 05 16:00:08 +0000 2020,1302275331592785923,"It might be Labor Day weekend, but let‚Äôs all remember that we're still in the middle of a pandemic. Wear a mask, practice social distancing, and follow the experts. It‚Äôll save lives.","{'hashtags': [], 'symbols': [], 'user_mentions': [], 'urls': []}",,,,"{'id': 813286, 'id_str': '813286', 'name': 'Barack Obama', 'screen_name': 'BarackObama', 'location': 'Washington, DC', 'description': 'Dad, husband, President, citizen.', 'url': 'https://t.co/93Y27HEnnX', 'entities': {'url': {'urls': [{'url': 'https://t.co/93Y27HEnnX', 'expanded_url': 'https://www.obama.org/', 'display_url': 'obama.org', 'indices': [0, 23]}]}, 'description': {'urls': []}}, 'protected': False, 'followers_count': 124429110, 'friends_count': 599406, 'listed_count': 220888, 'created_at': 'Mon Mar 05 22:08:25 +0000 2007', 'favourites_count': 0, 'utc_offset': None, 'time_zone': None, 'geo_enabled': False, 'verified': True, 'statuses_count': 15997, 'lang': None, 'contributors_enabled': False, 'is_translator': False, 'is_translation_enabled': True, 'profile_background_color': '77B0DC', 'profile_background_image_url': 'http://abs.twimg.com/images/themes/theme1/bg.png', 'profile_background_image_url_https': 'https://abs.twimg.com/images/themes/theme1/bg.png', 'profile_background_tile': False, 'profile_image_url': 'http://pbs.twimg.com/profile_images/822547732376207360/5g0FC8XX_normal.jpg', 'profile_image_url_https': 'https://pbs.twimg.com/profile_images/822547732376207360/5g0FC8XX_normal.jpg', 'profile_banner_url': 'https://pbs.twimg.com/profile_banners/813286/1502508746', 'profile_link_color': '2574AD', 'profile_sidebar_border_color': 'FFFFFF', 'profile_sidebar_fill_color': 'C2E0F6', 'profile_text_color': '333333', 'profile_use_background_image': True, 'has_extended_profile': True, 'default_profile': False, 'default_profile_image': False, 'following': True, 'follow_request_sent': False, 'notifications': False, 'translator_type': 'regular'}",False,116527,754494,False,False,en
Thu Sep 03 20:47:41 +0000 2020,1301622917965459462,"The election‚Äôs only two months from today. Americans all across the country are making their plans for how and when they‚Äôre voting this year, and I hope you are too. Get registered and make sure your friends, family, and neighbors do the same at https://t.co/NKXRGNgbZX.","{'hashtags': [], 'symbols': [], 'user_mentions': [], 'urls': [{'url': 'https://t.co/NKXRGNgbZX', 'expanded_url': 'http://IWillVote.com', 'display_url': 'IWillVote.com', 'indices': [246, 269]}]}",,,,"{'id': 813286, 'id_str': '813286', 'name': 'Barack Obama', 'screen_name': 'BarackObama', 'location': 'Washington, DC', 'description': 'Dad, husband, President, citizen.', 'url': 'https://t.co/93Y27HEnnX', 'entities': {'url': {'urls': [{'url': 'https://t.co/93Y27HEnnX', 'expanded_url': 'https://www.obama.org/', 'display_url': 'obama.org', 'indices': [0, 23]}]}, 'description': {'urls': []}}, 'protected': False, 'followers_count': 124429110, 'friends_count': 599406, 'listed_count': 220888, 'created_at': 'Mon Mar 05 22:08:25 +0000 2007', 'favourites_count': 0, 'utc_offset': None, 'time_zone': None, 'geo_enabled': False, 'verified': True, 'statuses_count': 15997, 'lang': None, 'contributors_enabled': False, 'is_translator': False, 'is_translation_enabled': True, 'profile_background_color': '77B0DC', 'profile_background_image_url': 'http://abs.twimg.com/images/themes/theme1/bg.png', 'profile_background_image_url_https': 'https://abs.twimg.com/images/themes/theme1/bg.png', 'profile_background_tile': False, 'profile_image_url': 'http://pbs.twimg.com/profile_images/822547732376207360/5g0FC8XX_normal.jpg', 'profile_image_url_https': 'https://pbs.twimg.com/profile_images/822547732376207360/5g0FC8XX_normal.jpg', 'profile_banner_url': 'https://pbs.twimg.com/profile_banners/813286/1502508746', 'profile_link_color': '2574AD', 'profile_sidebar_border_color': 'FFFFFF', 'profile_sidebar_fill_color': 'C2E0F6', 'profile_text_color': '333333', 'profile_use_background_image': True, 'has_extended_profile': True, 'default_profile': False, 'default_profile_image': False, 'following': True, 'follow_request_sent': False, 'notifications': False, 'translator_type': 'regular'}",False,16309,74258,False,False,en
Thu Sep 03 14:30:35 +0000 2020,1301528019702632448,"Right now, far too many marginalized communities and people of color aren't being counted. The impact of this could be felt for decades in our communities. Make sure you and your neighbors get counted: https://t.co/nwxv8iHwpv","{'hashtags': [], 'symbols': [], 'user_mentions': [], 'urls': [{'url': 'https://t.co/nwxv8iHwpv', 'expanded_url': 'https://www.nytimes.com/2020/08/24/us/census-bureau.html', 'display_url': 'nytimes.com/2020/08/24/us/‚Ä¶', 'indices': [202, 225]}]}",1.301528018687529e+18,813286.0,BarackObama,"{'id': 813286, 'id_str': '813286', 'name': 'Barack Obama', 'screen_name': 'BarackObama', 'location': 'Washington, DC', 'description': 'Dad, husband, President, citizen.', 'url': 'https://t.co/93Y27HEnnX', 'entities': {'url': {'urls': [{'url': 'https://t.co/93Y27HEnnX', 'expanded_url': 'https://www.obama.org/', 'display_url': 'obama.org', 'indices': [0, 23]}]}, 'description': {'urls': []}}, 'protected': False, 'followers_count': 124429110, 'friends_count': 599406, 'listed_count': 220888, 'created_at': 'Mon Mar 05 22:08:25 +0000 2007', 'favourites_count': 0, 'utc_offset': None, 'time_zone': None, 'geo_enabled': False, 'verified': True, 'statuses_count': 15997, 'lang': None, 'contributors_enabled': False, 'is_translator': False, 'is_translation_enabled': True, 'profile_background_color': '77B0DC', 'profile_background_image_url': 'http://abs.twimg.com/images/themes/theme1/bg.png', 'profile_background_image_url_https': 'https://abs.twimg.com/images/themes/theme1/bg.png', 'profile_background_tile': False, 'profile_image_url': 'http://pbs.twimg.com/profile_images/822547732376207360/5g0FC8XX_normal.jpg', 'profile_image_url_https': 'https://pbs.twimg.com/profile_images/822547732376207360/5g0FC8XX_normal.jpg', 'profile_banner_url': 'https://pbs.twimg.com/profile_banners/813286/1502508746', 'profile_link_color': '2574AD', 'profile_sidebar_border_color': 'FFFFFF', 'profile_sidebar_fill_color': 'C2E0F6', 'profile_text_color': '333333', 'profile_use_background_image': True, 'has_extended_profile': True, 'default_profile': False, 'default_profile_image': False, 'following': True, 'follow_request_sent': False, 'notifications': False, 'translator_type': 'regular'}",False,2248,10767,False,False,en
Thu Sep 03 14:30:35 +0000 2020,1301528018687528960,"Completing the Census is crucial because it will shape our communities for the next decade. Everything from critical funds and resources for health care, infrastructure, and education to political representation. Complete it now online, by phone, or mail: https://t.co/WXZb2jhBMP","{'hashtags': [], 'symbols': [], 'user_mentions': [], 'urls': [{'url': 'https://t.co/WXZb2jhBMP', 'expanded_url': 'https://2020census.gov', 'display_url': '2020census.gov', 'indices': [256, 279]}]}",,,,"{'id': 813286, 'id_str': '813286', 'name': 'Barack Obama', 'screen_name': 'BarackObama', 'location': 'Washington, DC', 'description': 'Dad, husband, President, citizen.', 'url': 'https://t.co/93Y27HEnnX', 'entities': {'url': {'urls': [{'url': 'https://t.co/93Y27HEnnX', 'expanded_url': 'https://www.obama.org/', 'display_url': 'obama.org', 'indices': [0, 23]}]}, 'description': {'urls': []}}, 'protected': False, 'followers_count': 124429110, 'friends_count': 599406, 'listed_count': 220888, 'created_at': 'Mon Mar 05 22:08:25 +0000 2007', 'favourites_count': 0, 'utc_offset': None, 'time_zone': None, 'geo_enabled': False, 'verified': True, 'statuses_count': 15997, 'lang': None, 'contributors_enabled': False, 'is_translator': False, 'is_translation_enabled': True, 'profile_background_color': '77B0DC', 'profile_background_image_url': 'http://abs.twimg.com/images/themes/theme1/bg.png', 'profile_background_image_url_https': 'https://abs.twimg.com/images/themes/theme1/bg.png', 'profile_background_tile': False, 'profile_image_url': 'http://pbs.twimg.com/profile_images/822547732376207360/5g0FC8XX_normal.jpg', 'profile_image_url_https': 'https://pbs.twimg.com/profile_images/822547732376207360/5g0FC8XX_normal.jpg', 'profile_banner_url': 'https://pbs.twimg.com/profile_banners/813286/1502508746', 'profile_link_color': '2574AD', 'profile_sidebar_border_color': 'FFFFFF', 'profile_sidebar_fill_color': 'C2E0F6', 'profile_text_color': '333333', 'profile_use_background_image': True, 'has_extended_profile': True, 'default_profile': False, 'default_profile_image': False, 'following': True, 'follow_request_sent': False, 'notifications': False, 'translator_type': 'regular'}",False,6852,26635,False,False,en
Wed Sep 02 16:00:18 +0000 2020,1301188208554844161,Joe and Kamala have what it takes to lead this country out of these dark times and build it back better. Join me in helping them get elected: https://t.co/Kboaxi3MVL,"{'hashtags': [], 'symbols': [], 'user_mentions': [], 'urls': [{'url': 'https://t.co/Kboaxi3MVL', 'expanded_url': 'http://JoeBiden.com', 'display_url': 'JoeBiden.com', 'indices': [142, 165]}]}",1.301188137855656e+18,813286.0,BarackObama,"{'id': 813286, 'id_str': '813286', 'name': 'Barack Obama', 'screen_name': 'BarackObama', 'location': 'Washington, DC', 'description': 'Dad, husband, President, citizen.', 'url': 'https://t.co/93Y27HEnnX', 'entities': {'url': {'urls': [{'url': 'https://t.co/93Y27HEnnX', 'expanded_url': 'https://www.obama.org/', 'display_url': 'obama.org', 'indices': [0, 23]}]}, 'description': {'urls': []}}, 'protected': False, 'followers_count': 124429110, 'friends_count': 599406, 'listed_count': 220888, 'created_at': 'Mon Mar 05 22:08:25 +0000 2007', 'favourites_count': 0, 'utc_offset': None, 'time_zone': None, 'geo_enabled': False, 'verified': True, 'statuses_count': 15997, 'lang': None, 'contributors_enabled': False, 'is_translator': False, 'is_translation_enabled': True, 'profile_background_color': '77B0DC', 'profile_background_image_url': 'http://abs.twimg.com/images/themes/theme1/bg.png', 'profile_background_image_url_https': 'https://abs.twimg.com/images/themes/theme1/bg.png', 'profile_background_tile': False, 'profile_image_url': 'http://pbs.twimg.com/profile_images/822547732376207360/5g0FC8XX_normal.jpg', 'profile_image_url_https': 'https://pbs.twimg.com/profile_images/822547732376207360/5g0FC8XX_normal.jpg', 'profile_banner_url': 'https://pbs.twimg.com/profile_banners/813286/1502508746', 'profile_link_color': '2574AD', 'profile_sidebar_border_color': 'FFFFFF', 'profile_sidebar_fill_color': 'C2E0F6', 'profile_text_color': '333333', 'profile_use_background_image': True, 'has_extended_profile': True, 'default_profile': False, 'default_profile_image': False, 'following': True, 'follow_request_sent': False, 'notifications': False, 'translator_type': 'regular'}",False,4833,27640,False,False,en
Wed Sep 02 16:00:01 +0000 2020,1301188137855655938,".@JoeBiden is a man who learned to treat every person he meets with respect and dignity, living by the words his parents taught him: ‚ÄúNo one‚Äôs better than you, Joe, but you‚Äôre better than nobody.‚Äù That empathy, that decency, the belief that everybody counts‚Äîthat‚Äôs who Joe is. https://t.co/RW8o39zQJL","{'hashtags': [], 'symbols': [], 'user_mentions': [{'screen_name': 'JoeBiden', 'name': 'Joe Biden', 'id': 939091, 'id_str': '939091', 'indices': [1, 10]}], 'urls': [], 'media': [{'id': 1301149442905645061, 'id_str': '1301149442905645061', 'indices': [277, 300], 'media_url': 'http://pbs.twimg.com/media/Eg6_QKPX0AAE1GF.jpg', 'media_url_https': 'https://pbs.twimg.com/media/Eg6_QKPX0AAE1GF.jpg', 'url': 'https://t.co/RW8o39zQJL', 'display_url': 'pic.twitter.com/RW8o39zQJL', 'expanded_url': 'https://twitter.com/BarackObama/status/1301188137855655938/video/1', 'type': 'photo', 'sizes': {'small': {'w': 680, 'h': 421, 'resize': 'fit'}, 'thumb': {'w': 150, 'h': 150, 'resize': 'crop'}, 'large': {'w': 1162, 'h': 720, 'resize': 'fit'}, 'medium': {'w': 1162, 'h': 720, 'resize': 'fit'}}}]}",,,,"{'id': 813286, 'id_str': '813286', 'name': 'Barack Obama', 'screen_name': 'BarackObama', 'location': 'Washington, DC', 'description': 'Dad, husband, President, citizen.', 'url': 'https://t.co/93Y27HEnnX', 'entities': {'url': {'urls': [{'url': 'https://t.co/93Y27HEnnX', 'expanded_url': 'https://www.obama.org/', 'display_url': 'obama.org', 'indices': [0, 23]}]}, 'description': {'urls': []}}, 'protected': False, 'followers_count': 124429110, 'friends_count': 599406, 'listed_count': 220888, 'created_at': 'Mon Mar 05 22:08:25 +0000 2007', 'favourites_count': 0, 'utc_offset': None, 'time_zone': None, 'geo_enabled': False, 'verified': True, 'statuses_count': 15997, 'lang': None, 'contributors_enabled': False, 'is_translator': False, 'is_translation_enabled': True, 'profile_background_color': '77B0DC', 'profile_background_image_url': 'http://abs.twimg.com/images/themes/theme1/bg.png', 'profile_background_image_url_https': 'https://abs.twimg.com/images/themes/theme1/bg.png', 'profile_background_tile': False, 'profile_image_url': 'http://pbs.twimg.com/profile_images/822547732376207360/5g0FC8XX_normal.jpg', 'profile_image_url_https': 'https://pbs.twimg.com/profile_images/822547732376207360/5g0FC8XX_normal.jpg', 'profile_banner_url': 'https://pbs.twimg.com/profile_banners/813286/1502508746', 'profile_link_color': '2574AD', 'profile_sidebar_border_color': 'FFFFFF', 'profile_sidebar_fill_color': 'C2E0F6', 'profile_text_color': '333333', 'profile_use_background_image': True, 'has_extended_profile': True, 'default_profile': False, 'default_profile_image': False, 'following': True, 'follow_request_sent': False, 'notifications': False, 'translator_type': 'regular'}",False,19419,100297,False,False,en
Tue Sep 01 16:04:19 +0000 2020,1300826832078594048,"If you can volunteer as a poll worker for early voting and Election Day, I hope you‚Äôll do it. You can help make sure this election runs fairly and safely‚Äîand that‚Äôs one of the most crucial things any of us can do for our country right now. Sign up here:¬†https://t.co/ZtXWL9aTlM https://t.co/hrlYejlE7y","{'hashtags': [], 'symbols': [], 'user_mentions': [], 'urls': [{'url': 'https://t.co/ZtXWL9aTlM', 'expanded_url': 'http://PowerThePolls.org', 'display_url': 'PowerThePolls.org', 'indices': [254, 277]}], 'media': [{'id': 1300826828781780995, 'id_str': '1300826828781780995', 'indices': [278, 301], 'media_url': 'http://pbs.twimg.com/media/Eg13G9PWAAMOrAY.jpg', 'media_url_https': 'https://pbs.twimg.com/media/Eg13G9PWAAMOrAY.jpg', 'url': 'https://t.co/hrlYejlE7y', 'display_url': 'pic.twitter.com/hrlYejlE7y', 'expanded_url': 'https://twitter.com/BarackObama/status/1300826832078594048/photo/1', 'type': 'photo', 'sizes': {'thumb': {'w': 150, 'h': 150, 'resize': 'crop'}, 'large': {'w': 2048, 'h': 1072, 'resize': 'fit'}, 'small': {'w': 680, 'h': 356, 'resize': 'fit'}, 'medium': {'w': 1200, 'h': 628, 'resize': 'fit'}}}]}",,,,"{'id': 813286, 'id_str': '813286', 'name': 'Barack Obama', 'screen_name': 'BarackObama', 'location': 'Washington, DC', 'description': 'Dad, husband, President, citizen.', 'url': 'https://t.co/93Y27HEnnX', 'entities': {'url': {'urls': [{'url': 'https://t.co/93Y27HEnnX', 'expanded_url': 'https://www.obama.org/', 'display_url': 'obama.org', 'indices': [0, 23]}]}, 'description': {'urls': []}}, 'protected': False, 'followers_count': 124429110, 'friends_count': 599406, 'listed_count': 220888, 'created_at': 'Mon Mar 05 22:08:25 +0000 2007', 'favourites_count': 0, 'utc_offset': None, 'time_zone': None, 'geo_enabled': False, 'verified': True, 'statuses_count': 15997, 'lang': None, 'contributors_enabled': False, 'is_translator': False, 'is_translation_enabled': True, 'profile_background_color': '77B0DC', 'profile_background_image_url': 'http://abs.twimg.com/images/themes/theme1/bg.png', 'profile_background_image_url_https': 'https://abs.twimg.com/images/themes/theme1/bg.png', 'profile_background_tile': False, 'profile_image_url': 'http://pbs.twimg.com/profile_images/822547732376207360/5g0FC8XX_normal.jpg', 'profile_image_url_https': 'https://pbs.twimg.com/profile_images/822547732376207360/5g0FC8XX_normal.jpg', 'profile_banner_url': 'https://pbs.twimg.com/profile_banners/813286/1502508746', 'profile_link_color': '2574AD', 'profile_sidebar_border_color': 'FFFFFF', 'profile_sidebar_fill_color': 'C2E0F6', 'profile_text_color': '333333', 'profile_use_background_image': True, 'has_extended_profile': True, 'default_profile': False, 'default_profile_image': False, 'following': True, 'follow_request_sent': False, 'notifications': False, 'translator_type': 'regular'}",False,11587,48110,False,False,en
